{"metadata":{"kernel_spec":{"name":"SQL","language":"sql","display_name":"SQL"},"language_info":{"name":"sql","version":""}},"nbformat":4,"nbformat_minor":2,"cells":[{"cell_type":"markdown","source":["# [dbo].[ChuanDoanDieuTri]"],"metadata":{"urn":"Server[@Name='LAPTOP-G5HQJSJ2']/Database[@Name='WinformQuanLyPhong KhamNhaKhoa']/Table[@Name='ChuanDoanDieuTri' and @Schema='dbo']","object_type":"Table"}},{"outputs":[],"execution_count":0,"cell_type":"code","source":["USE [WinformQuanLyPhong KhamNhaKhoa]\r\n","GO\r\n"],"metadata":{"urn":"Server[@Name='LAPTOP-G5HQJSJ2']/Database[@Name='WinformQuanLyPhong KhamNhaKhoa']/Table[@Name='ChuanDoanDieuTri' and @Schema='dbo']","object_type":"Table"}},{"outputs":[],"execution_count":0,"cell_type":"code","source":["/****** Object:  Table [dbo].[ChuanDoanDieuTri]    Script Date: 10/5/2023 1:41:36 PM ******/\r\nSET ANSI_NULLS ON\r\n","GO\r\n","SET QUOTED_IDENTIFIER ON\r\n","GO\r\n","CREATE TABLE [dbo].[ChuanDoanDieuTri](\r\n\t[maChuanDoan] [int] NOT NULL,\r\n\t[noiDungChuanDoan] [nvarchar](200) NOT NULL,\r\n\t[luaChonDieuTri] [nvarchar](300) NOT NULL,\r\n\t[donViTinh] [nvarchar](50) NOT NULL,\r\n\t[soLuong] [int] NOT NULL,\r\n\t[donGia] [int] NOT NULL,\r\n\t[maBaoHanh] [int] NOT NULL,\r\n\t[thanhTien] [int] NOT NULL,\r\nPRIMARY KEY CLUSTERED \r\n(\r\n\t[maChuanDoan] ASC\r\n)WITH (PAD_INDEX = OFF, STATISTICS_NORECOMPUTE = OFF, IGNORE_DUP_KEY = OFF, ALLOW_ROW_LOCKS = ON, ALLOW_PAGE_LOCKS = ON, OPTIMIZE_FOR_SEQUENTIAL_KEY = OFF) ON [PRIMARY]\r\n) ON [PRIMARY]\r\nGO\r\n"],"metadata":{"urn":"Server[@Name='LAPTOP-G5HQJSJ2']/Database[@Name='WinformQuanLyPhong KhamNhaKhoa']/Table[@Name='ChuanDoanDieuTri' and @Schema='dbo']","object_type":"Table"}},{"cell_type":"markdown","source":["# [dbo].[ChucVu]"],"metadata":{"urn":"Server[@Name='LAPTOP-G5HQJSJ2']/Database[@Name='WinformQuanLyPhong KhamNhaKhoa']/Table[@Name='ChucVu' and @Schema='dbo']","object_type":"Table"}},{"outputs":[],"execution_count":0,"cell_type":"code","source":["/****** Object:  Table [dbo].[ChucVu]    Script Date: 10/5/2023 1:41:36 PM ******/\r\nSET ANSI_NULLS ON\r\n","GO\r\n","SET QUOTED_IDENTIFIER ON\r\n","GO\r\n","CREATE TABLE [dbo].[ChucVu](\r\n\t[maChucVu] [int] NOT NULL,\r\n\t[tenChucVu] [nvarchar](200) NOT NULL,\r\nPRIMARY KEY CLUSTERED \r\n(\r\n\t[maChucVu] ASC\r\n)WITH (PAD_INDEX = OFF, STATISTICS_NORECOMPUTE = OFF, IGNORE_DUP_KEY = OFF, ALLOW_ROW_LOCKS = ON, ALLOW_PAGE_LOCKS = ON, OPTIMIZE_FOR_SEQUENTIAL_KEY = OFF) ON [PRIMARY]\r\n) ON [PRIMARY]\r\nGO\r\n"],"metadata":{"urn":"Server[@Name='LAPTOP-G5HQJSJ2']/Database[@Name='WinformQuanLyPhong KhamNhaKhoa']/Table[@Name='ChucVu' and @Schema='dbo']","object_type":"Table"}},{"cell_type":"markdown","source":["# [dbo].[DichVuThanhToan]"],"metadata":{"urn":"Server[@Name='LAPTOP-G5HQJSJ2']/Database[@Name='WinformQuanLyPhong KhamNhaKhoa']/Table[@Name='DichVuThanhToan' and @Schema='dbo']","object_type":"Table"}},{"outputs":[],"execution_count":0,"cell_type":"code","source":["/****** Object:  Table [dbo].[DichVuThanhToan]    Script Date: 10/5/2023 1:41:36 PM ******/\r\nSET ANSI_NULLS ON\r\n","GO\r\n","SET QUOTED_IDENTIFIER ON\r\n","GO\r\n","CREATE TABLE [dbo].[DichVuThanhToan](\r\n\t[maThanhToan] [int] NOT NULL,\r\n\t[hinhThucThanhToan] [nvarchar](50) NOT NULL,\r\nPRIMARY KEY CLUSTERED \r\n(\r\n\t[maThanhToan] ASC\r\n)WITH (PAD_INDEX = OFF, STATISTICS_NORECOMPUTE = OFF, IGNORE_DUP_KEY = OFF, ALLOW_ROW_LOCKS = ON, ALLOW_PAGE_LOCKS = ON, OPTIMIZE_FOR_SEQUENTIAL_KEY = OFF) ON [PRIMARY]\r\n) ON [PRIMARY]\r\nGO\r\n"],"metadata":{"urn":"Server[@Name='LAPTOP-G5HQJSJ2']/Database[@Name='WinformQuanLyPhong KhamNhaKhoa']/Table[@Name='DichVuThanhToan' and @Schema='dbo']","object_type":"Table"}},{"cell_type":"markdown","source":["# [dbo].[DONTHUOC]"],"metadata":{"urn":"Server[@Name='LAPTOP-G5HQJSJ2']/Database[@Name='WinformQuanLyPhong KhamNhaKhoa']/Table[@Name='DONTHUOC' and @Schema='dbo']","object_type":"Table"}},{"outputs":[],"execution_count":0,"cell_type":"code","source":["/****** Object:  Table [dbo].[DONTHUOC]    Script Date: 10/5/2023 1:41:36 PM ******/\r\nSET ANSI_NULLS ON\r\n","GO\r\n","SET QUOTED_IDENTIFIER ON\r\n","GO\r\n","CREATE TABLE [dbo].[DONTHUOC](\r\n\t[maDonThuoc] [int] IDENTITY(1,1) NOT NULL,\r\n\t[tenDonThuoc] [nvarchar](300) NOT NULL,\r\n\t[soLuong] [int] NOT NULL,\r\n\t[donGia] [int] NOT NULL,\r\n\t[thanhTien] [int] NOT NULL,\r\nPRIMARY KEY CLUSTERED \r\n(\r\n\t[maDonThuoc] ASC\r\n)WITH (PAD_INDEX = OFF, STATISTICS_NORECOMPUTE = OFF, IGNORE_DUP_KEY = OFF, ALLOW_ROW_LOCKS = ON, ALLOW_PAGE_LOCKS = ON, OPTIMIZE_FOR_SEQUENTIAL_KEY = OFF) ON [PRIMARY]\r\n) ON [PRIMARY]\r\nGO\r\n"],"metadata":{"urn":"Server[@Name='LAPTOP-G5HQJSJ2']/Database[@Name='WinformQuanLyPhong KhamNhaKhoa']/Table[@Name='DONTHUOC' and @Schema='dbo']","object_type":"Table"}},{"cell_type":"markdown","source":["# [dbo].[HoaDon]"],"metadata":{"urn":"Server[@Name='LAPTOP-G5HQJSJ2']/Database[@Name='WinformQuanLyPhong KhamNhaKhoa']/Table[@Name='HoaDon' and @Schema='dbo']","object_type":"Table"}},{"outputs":[],"execution_count":0,"cell_type":"code","source":["/****** Object:  Table [dbo].[HoaDon]    Script Date: 10/5/2023 1:41:36 PM ******/\r\nSET ANSI_NULLS ON\r\n","GO\r\n","SET QUOTED_IDENTIFIER ON\r\n","GO\r\n","CREATE TABLE [dbo].[HoaDon](\r\n\t[maHoaDon] [int] IDENTITY(1,1) NOT NULL,\r\n\t[ngayThanhToan] [date] NOT NULL,\r\n\t[maThanhToan] [int] NOT NULL,\r\n\t[maDonThuoc] [int] NOT NULL,\r\n\t[maChuanDon] [int] NOT NULL,\r\n\t[maBenhNhan] [int] NOT NULL,\r\n\t[tongSoTien] [int] NOT NULL,\r\nPRIMARY KEY CLUSTERED \r\n(\r\n\t[maHoaDon] ASC\r\n)WITH (PAD_INDEX = OFF, STATISTICS_NORECOMPUTE = OFF, IGNORE_DUP_KEY = OFF, ALLOW_ROW_LOCKS = ON, ALLOW_PAGE_LOCKS = ON, OPTIMIZE_FOR_SEQUENTIAL_KEY = OFF) ON [PRIMARY]\r\n) ON [PRIMARY]\r\nGO\r\n"],"metadata":{"urn":"Server[@Name='LAPTOP-G5HQJSJ2']/Database[@Name='WinformQuanLyPhong KhamNhaKhoa']/Table[@Name='HoaDon' and @Schema='dbo']","object_type":"Table"}},{"cell_type":"markdown","source":["# [dbo].[LichSuKham]"],"metadata":{"urn":"Server[@Name='LAPTOP-G5HQJSJ2']/Database[@Name='WinformQuanLyPhong KhamNhaKhoa']/Table[@Name='LichSuKham' and @Schema='dbo']","object_type":"Table"}},{"outputs":[],"execution_count":0,"cell_type":"code","source":["/****** Object:  Table [dbo].[LichSuKham]    Script Date: 10/5/2023 1:41:36 PM ******/\r\nSET ANSI_NULLS ON\r\n","GO\r\n","SET QUOTED_IDENTIFIER ON\r\n","GO\r\n","CREATE TABLE [dbo].[LichSuKham](\r\n\t[maLichSuKham] [int] IDENTITY(1,1) NOT NULL,\r\n\t[ngayKham] [date] NOT NULL,\r\n\t[maLamSan] [int] NOT NULL,\r\n\t[maNhanVien] [int] NOT NULL,\r\nPRIMARY KEY CLUSTERED \r\n(\r\n\t[maLichSuKham] ASC\r\n)WITH (PAD_INDEX = OFF, STATISTICS_NORECOMPUTE = OFF, IGNORE_DUP_KEY = OFF, ALLOW_ROW_LOCKS = ON, ALLOW_PAGE_LOCKS = ON, OPTIMIZE_FOR_SEQUENTIAL_KEY = OFF) ON [PRIMARY]\r\n) ON [PRIMARY]\r\nGO\r\n"],"metadata":{"urn":"Server[@Name='LAPTOP-G5HQJSJ2']/Database[@Name='WinformQuanLyPhong KhamNhaKhoa']/Table[@Name='LichSuKham' and @Schema='dbo']","object_type":"Table"}},{"cell_type":"markdown","source":["# [dbo].[NhapLieu]"],"metadata":{"urn":"Server[@Name='LAPTOP-G5HQJSJ2']/Database[@Name='WinformQuanLyPhong KhamNhaKhoa']/Table[@Name='NhapLieu' and @Schema='dbo']","object_type":"Table"}},{"outputs":[],"execution_count":0,"cell_type":"code","source":["/****** Object:  Table [dbo].[NhapLieu]    Script Date: 10/5/2023 1:41:36 PM ******/\r\nSET ANSI_NULLS ON\r\n","GO\r\n","SET QUOTED_IDENTIFIER ON\r\n","GO\r\n","CREATE TABLE [dbo].[NhapLieu](\r\n\t[maNhapLieu] [int] IDENTITY(1,1) NOT NULL,\r\n\t[ngayNhap] [date] NOT NULL,\r\n\t[maNhanVien] [int] NOT NULL,\r\n\t[maVatLieu] [int] NOT NULL,\r\n\t[soLuong] [int] NOT NULL,\r\nPRIMARY KEY CLUSTERED \r\n(\r\n\t[maNhapLieu] ASC\r\n)WITH (PAD_INDEX = OFF, STATISTICS_NORECOMPUTE = OFF, IGNORE_DUP_KEY = OFF, ALLOW_ROW_LOCKS = ON, ALLOW_PAGE_LOCKS = ON, OPTIMIZE_FOR_SEQUENTIAL_KEY = OFF) ON [PRIMARY]\r\n) ON [PRIMARY]\r\nGO\r\n"],"metadata":{"urn":"Server[@Name='LAPTOP-G5HQJSJ2']/Database[@Name='WinformQuanLyPhong KhamNhaKhoa']/Table[@Name='NhapLieu' and @Schema='dbo']","object_type":"Table"}},{"cell_type":"markdown","source":["# [dbo].[TaiKhoan]"],"metadata":{"urn":"Server[@Name='LAPTOP-G5HQJSJ2']/Database[@Name='WinformQuanLyPhong KhamNhaKhoa']/Table[@Name='TaiKhoan' and @Schema='dbo']","object_type":"Table"}},{"outputs":[],"execution_count":0,"cell_type":"code","source":["/****** Object:  Table [dbo].[TaiKhoan]    Script Date: 10/5/2023 1:41:36 PM ******/\r\nSET ANSI_NULLS ON\r\n","GO\r\n","SET QUOTED_IDENTIFIER ON\r\n","GO\r\n","CREATE TABLE [dbo].[TaiKhoan](\r\n\t[taiKhoanNhanVien] [varchar](200) NOT NULL,\r\n\t[matKhauNhanVien] [varchar](200) NOT NULL,\r\n\t[maNhanVien] [int] NOT NULL,\r\nPRIMARY KEY CLUSTERED \r\n(\r\n\t[taiKhoanNhanVien] ASC\r\n)WITH (PAD_INDEX = OFF, STATISTICS_NORECOMPUTE = OFF, IGNORE_DUP_KEY = OFF, ALLOW_ROW_LOCKS = ON, ALLOW_PAGE_LOCKS = ON, OPTIMIZE_FOR_SEQUENTIAL_KEY = OFF) ON [PRIMARY]\r\n) ON [PRIMARY]\r\nGO\r\n"],"metadata":{"urn":"Server[@Name='LAPTOP-G5HQJSJ2']/Database[@Name='WinformQuanLyPhong KhamNhaKhoa']/Table[@Name='TaiKhoan' and @Schema='dbo']","object_type":"Table"}},{"cell_type":"markdown","source":["# [dbo].[ThongTinBaoHanh]"],"metadata":{"urn":"Server[@Name='LAPTOP-G5HQJSJ2']/Database[@Name='WinformQuanLyPhong KhamNhaKhoa']/Table[@Name='ThongTinBaoHanh' and @Schema='dbo']","object_type":"Table"}},{"outputs":[],"execution_count":0,"cell_type":"code","source":["/****** Object:  Table [dbo].[ThongTinBaoHanh]    Script Date: 10/5/2023 1:41:36 PM ******/\r\nSET ANSI_NULLS ON\r\n","GO\r\n","SET QUOTED_IDENTIFIER ON\r\n","GO\r\n","CREATE TABLE [dbo].[ThongTinBaoHanh](\r\n\t[maBaoHanh] [int] IDENTITY(1,1) NOT NULL,\r\n\t[tenLaboBaoHanh] [nvarchar](200) NOT NULL,\r\n\t[ngayHetHanBaoHanh] [date] NOT NULL,\r\nPRIMARY KEY CLUSTERED \r\n(\r\n\t[maBaoHanh] ASC\r\n)WITH (PAD_INDEX = OFF, STATISTICS_NORECOMPUTE = OFF, IGNORE_DUP_KEY = OFF, ALLOW_ROW_LOCKS = ON, ALLOW_PAGE_LOCKS = ON, OPTIMIZE_FOR_SEQUENTIAL_KEY = OFF) ON [PRIMARY]\r\n) ON [PRIMARY]\r\nGO\r\n"],"metadata":{"urn":"Server[@Name='LAPTOP-G5HQJSJ2']/Database[@Name='WinformQuanLyPhong KhamNhaKhoa']/Table[@Name='ThongTinBaoHanh' and @Schema='dbo']","object_type":"Table"}},{"cell_type":"markdown","source":["# [dbo].[ThongTinBenhNhan]"],"metadata":{"urn":"Server[@Name='LAPTOP-G5HQJSJ2']/Database[@Name='WinformQuanLyPhong KhamNhaKhoa']/Table[@Name='ThongTinBenhNhan' and @Schema='dbo']","object_type":"Table"}},{"outputs":[],"execution_count":0,"cell_type":"code","source":["/****** Object:  Table [dbo].[ThongTinBenhNhan]    Script Date: 10/5/2023 1:41:36 PM ******/\r\nSET ANSI_NULLS ON\r\n","GO\r\n","SET QUOTED_IDENTIFIER ON\r\n","GO\r\n","CREATE TABLE [dbo].[ThongTinBenhNhan](\r\n\t[maBenhNhan] [int] IDENTITY(1,1) NOT NULL,\r\n\t[tenBenhNhan] [nvarchar](200) NOT NULL,\r\n\t[namSinh] [date] NOT NULL,\r\n\t[soDienThoai] [varchar](15) NOT NULL,\r\n\t[diaChi] [nvarchar](max) NOT NULL,\r\n\t[ngayKhamDauTien] [date] NOT NULL,\r\n\t[lyDoDenKham] [nvarchar](max) NOT NULL,\r\n\t[maLichSuKham] [int] NOT NULL,\r\n\t[maCanLamSan] [int] NOT NULL,\r\nPRIMARY KEY CLUSTERED \r\n(\r\n\t[maBenhNhan] ASC\r\n)WITH (PAD_INDEX = OFF, STATISTICS_NORECOMPUTE = OFF, IGNORE_DUP_KEY = OFF, ALLOW_ROW_LOCKS = ON, ALLOW_PAGE_LOCKS = ON, OPTIMIZE_FOR_SEQUENTIAL_KEY = OFF) ON [PRIMARY]\r\n) ON [PRIMARY] TEXTIMAGE_ON [PRIMARY]\r\nGO\r\n"],"metadata":{"urn":"Server[@Name='LAPTOP-G5HQJSJ2']/Database[@Name='WinformQuanLyPhong KhamNhaKhoa']/Table[@Name='ThongTinBenhNhan' and @Schema='dbo']","object_type":"Table"}},{"cell_type":"markdown","source":["# [dbo].[ThongTinCanLamSan]"],"metadata":{"urn":"Server[@Name='LAPTOP-G5HQJSJ2']/Database[@Name='WinformQuanLyPhong KhamNhaKhoa']/Table[@Name='ThongTinCanLamSan' and @Schema='dbo']","object_type":"Table"}},{"outputs":[],"execution_count":0,"cell_type":"code","source":["/****** Object:  Table [dbo].[ThongTinCanLamSan]    Script Date: 10/5/2023 1:41:36 PM ******/\r\nSET ANSI_NULLS ON\r\n","GO\r\n","SET QUOTED_IDENTIFIER ON\r\n","GO\r\n","CREATE TABLE [dbo].[ThongTinCanLamSan](\r\n\t[maCanLamSan] [int] IDENTITY(1,1) NOT NULL,\r\n\t[huyetAp] [bit] NOT NULL,\r\n\t[mauKhoDong] [bit] NOT NULL,\r\n\t[benhTimBamSinh] [bit] NOT NULL,\r\n\t[thieuNangTriTue] [bit] NOT NULL,\r\n\t[khac] [nvarchar](500) NULL,\r\nPRIMARY KEY CLUSTERED \r\n(\r\n\t[maCanLamSan] ASC\r\n)WITH (PAD_INDEX = OFF, STATISTICS_NORECOMPUTE = OFF, IGNORE_DUP_KEY = OFF, ALLOW_ROW_LOCKS = ON, ALLOW_PAGE_LOCKS = ON, OPTIMIZE_FOR_SEQUENTIAL_KEY = OFF) ON [PRIMARY]\r\n) ON [PRIMARY]\r\nGO\r\n"],"metadata":{"urn":"Server[@Name='LAPTOP-G5HQJSJ2']/Database[@Name='WinformQuanLyPhong KhamNhaKhoa']/Table[@Name='ThongTinCanLamSan' and @Schema='dbo']","object_type":"Table"}},{"cell_type":"markdown","source":["# [dbo].[ThongTinLamSan]"],"metadata":{"urn":"Server[@Name='LAPTOP-G5HQJSJ2']/Database[@Name='WinformQuanLyPhong KhamNhaKhoa']/Table[@Name='ThongTinLamSan' and @Schema='dbo']","object_type":"Table"}},{"outputs":[],"execution_count":0,"cell_type":"code","source":["/****** Object:  Table [dbo].[ThongTinLamSan]    Script Date: 10/5/2023 1:41:36 PM ******/\r\nSET ANSI_NULLS ON\r\n","GO\r\n","SET QUOTED_IDENTIFIER ON\r\n","GO\r\n","CREATE TABLE [dbo].[ThongTinLamSan](\r\n\t[maLamSan] [int] IDENTITY(1,1) NOT NULL,\r\n\t[maChuanDoan] [int] NOT NULL,\r\n\t[maNhanVien] [int] NOT NULL,\r\nPRIMARY KEY CLUSTERED \r\n(\r\n\t[maLamSan] ASC\r\n)WITH (PAD_INDEX = OFF, STATISTICS_NORECOMPUTE = OFF, IGNORE_DUP_KEY = OFF, ALLOW_ROW_LOCKS = ON, ALLOW_PAGE_LOCKS = ON, OPTIMIZE_FOR_SEQUENTIAL_KEY = OFF) ON [PRIMARY]\r\n) ON [PRIMARY]\r\nGO\r\n"],"metadata":{"urn":"Server[@Name='LAPTOP-G5HQJSJ2']/Database[@Name='WinformQuanLyPhong KhamNhaKhoa']/Table[@Name='ThongTinLamSan' and @Schema='dbo']","object_type":"Table"}},{"cell_type":"markdown","source":["# [dbo].[ThongTinNhanVien]"],"metadata":{"urn":"Server[@Name='LAPTOP-G5HQJSJ2']/Database[@Name='WinformQuanLyPhong KhamNhaKhoa']/Table[@Name='ThongTinNhanVien' and @Schema='dbo']","object_type":"Table"}},{"outputs":[],"execution_count":0,"cell_type":"code","source":["/****** Object:  Table [dbo].[ThongTinNhanVien]    Script Date: 10/5/2023 1:41:36 PM ******/\r\nSET ANSI_NULLS ON\r\n","GO\r\n","SET QUOTED_IDENTIFIER ON\r\n","GO\r\n","CREATE TABLE [dbo].[ThongTinNhanVien](\r\n\t[maNhanVien] [int] IDENTITY(1,1) NOT NULL,\r\n\t[hoVaTen] [nvarchar](200) NOT NULL,\r\n\t[namSinh] [date] NOT NULL,\r\n\t[soDienThoai] [varchar](15) NOT NULL,\r\n\t[diaChi] [nvarchar](max) NOT NULL,\r\n\t[maChucVu] [int] NOT NULL,\r\nPRIMARY KEY CLUSTERED \r\n(\r\n\t[maNhanVien] ASC\r\n)WITH (PAD_INDEX = OFF, STATISTICS_NORECOMPUTE = OFF, IGNORE_DUP_KEY = OFF, ALLOW_ROW_LOCKS = ON, ALLOW_PAGE_LOCKS = ON, OPTIMIZE_FOR_SEQUENTIAL_KEY = OFF) ON [PRIMARY]\r\n) ON [PRIMARY] TEXTIMAGE_ON [PRIMARY]\r\nGO\r\n"],"metadata":{"urn":"Server[@Name='LAPTOP-G5HQJSJ2']/Database[@Name='WinformQuanLyPhong KhamNhaKhoa']/Table[@Name='ThongTinNhanVien' and @Schema='dbo']","object_type":"Table"}},{"cell_type":"markdown","source":["# [dbo].[VatLieu]"],"metadata":{"urn":"Server[@Name='LAPTOP-G5HQJSJ2']/Database[@Name='WinformQuanLyPhong KhamNhaKhoa']/Table[@Name='VatLieu' and @Schema='dbo']","object_type":"Table"}},{"outputs":[],"execution_count":0,"cell_type":"code","source":["/****** Object:  Table [dbo].[VatLieu]    Script Date: 10/5/2023 1:41:36 PM ******/\r\nSET ANSI_NULLS ON\r\n","GO\r\n","SET QUOTED_IDENTIFIER ON\r\n","GO\r\n","CREATE TABLE [dbo].[VatLieu](\r\n\t[maVatLieu] [int] NOT NULL,\r\n\t[noiDung] [nvarchar](200) NOT NULL,\r\n\t[dvt] [nvarchar](50) NOT NULL,\r\n\t[soLuong] [int] NOT NULL,\r\n\t[donGia] [int] NOT NULL,\r\n\t[thanhTien] [int] NOT NULL,\r\nPRIMARY KEY CLUSTERED \r\n(\r\n\t[maVatLieu] ASC\r\n)WITH (PAD_INDEX = OFF, STATISTICS_NORECOMPUTE = OFF, IGNORE_DUP_KEY = OFF, ALLOW_ROW_LOCKS = ON, ALLOW_PAGE_LOCKS = ON, OPTIMIZE_FOR_SEQUENTIAL_KEY = OFF) ON [PRIMARY]\r\n) ON [PRIMARY]\r\nGO\r\n"],"metadata":{"urn":"Server[@Name='LAPTOP-G5HQJSJ2']/Database[@Name='WinformQuanLyPhong KhamNhaKhoa']/Table[@Name='VatLieu' and @Schema='dbo']","object_type":"Table"}},{"cell_type":"markdown","source":["# [dbo].[ChucVu]"],"metadata":{"urn":"Server[@Name='LAPTOP-G5HQJSJ2']/Database[@Name='WinformQuanLyPhong KhamNhaKhoa']/Table[@Name='ChucVu' and @Schema='dbo']","object_type":"Table"}},{"outputs":[],"execution_count":0,"cell_type":"code","source":["INSERT [dbo].[ChucVu] ([maChucVu], [tenChucVu]) VALUES (1, N'Quản lý trưởng Phòng khám')\r\n","INSERT [dbo].[ChucVu] ([maChucVu], [tenChucVu]) VALUES (2, N'Quản lý phó phòng khám')\r\n","INSERT [dbo].[ChucVu] ([maChucVu], [tenChucVu]) VALUES (3, N'Nhân viên lễ tân')\r\n","INSERT [dbo].[ChucVu] ([maChucVu], [tenChucVu]) VALUES (4, N'Bác sĩ')\r\n","INSERT [dbo].[ChucVu] ([maChucVu], [tenChucVu]) VALUES (5, N'Y tá')\r\n","INSERT [dbo].[ChucVu] ([maChucVu], [tenChucVu]) VALUES (6, N'Nhân viên kiểm kho')\r\n","GO\r\n"],"metadata":{"urn":"Server[@Name='LAPTOP-G5HQJSJ2']/Database[@Name='WinformQuanLyPhong KhamNhaKhoa']/Table[@Name='ChucVu' and @Schema='dbo']","object_type":"Table"}},{"cell_type":"markdown","source":["# [dbo].[DichVuThanhToan]"],"metadata":{"urn":"Server[@Name='LAPTOP-G5HQJSJ2']/Database[@Name='WinformQuanLyPhong KhamNhaKhoa']/Table[@Name='DichVuThanhToan' and @Schema='dbo']","object_type":"Table"}},{"outputs":[],"execution_count":0,"cell_type":"code","source":["INSERT [dbo].[DichVuThanhToan] ([maThanhToan], [hinhThucThanhToan]) VALUES (1, N'Tiền mặt')\r\n","INSERT [dbo].[DichVuThanhToan] ([maThanhToan], [hinhThucThanhToan]) VALUES (2, N'Ngân hàng')\r\n","INSERT [dbo].[DichVuThanhToan] ([maThanhToan], [hinhThucThanhToan]) VALUES (3, N'Momo')\r\n","INSERT [dbo].[DichVuThanhToan] ([maThanhToan], [hinhThucThanhToan]) VALUES (4, N'VNPay')\r\n","INSERT [dbo].[DichVuThanhToan] ([maThanhToan], [hinhThucThanhToan]) VALUES (5, N'Quẹt thẻ')\r\n","GO\r\n"],"metadata":{"urn":"Server[@Name='LAPTOP-G5HQJSJ2']/Database[@Name='WinformQuanLyPhong KhamNhaKhoa']/Table[@Name='DichVuThanhToan' and @Schema='dbo']","object_type":"Table"}},{"cell_type":"markdown","source":["# [dbo].[TaiKhoan]"],"metadata":{"urn":"Server[@Name='LAPTOP-G5HQJSJ2']/Database[@Name='WinformQuanLyPhong KhamNhaKhoa']/Table[@Name='TaiKhoan' and @Schema='dbo']","object_type":"Table"}},{"outputs":[],"execution_count":0,"cell_type":"code","source":["INSERT [dbo].[TaiKhoan] ([taiKhoanNhanVien], [matKhauNhanVien], [maNhanVien]) VALUES (N'doctor', N'Trang', 5)\r\n","INSERT [dbo].[TaiKhoan] ([taiKhoanNhanVien], [matKhauNhanVien], [maNhanVien]) VALUES (N'manager2', N'9116', 3)\r\n","INSERT [dbo].[TaiKhoan] ([taiKhoanNhanVien], [matKhauNhanVien], [maNhanVien]) VALUES (N'managerchief', N'1234', 1)\r\n","INSERT [dbo].[TaiKhoan] ([taiKhoanNhanVien], [matKhauNhanVien], [maNhanVien]) VALUES (N'nurse', N'123', 6)\r\n","INSERT [dbo].[TaiKhoan] ([taiKhoanNhanVien], [matKhauNhanVien], [maNhanVien]) VALUES (N'receptionist', N'PhuongUP', 4)\r\n","GO\r\n"],"metadata":{"urn":"Server[@Name='LAPTOP-G5HQJSJ2']/Database[@Name='WinformQuanLyPhong KhamNhaKhoa']/Table[@Name='TaiKhoan' and @Schema='dbo']","object_type":"Table"}},{"cell_type":"markdown","source":["# [dbo].[ThongTinBaoHanh]"],"metadata":{"urn":"Server[@Name='LAPTOP-G5HQJSJ2']/Database[@Name='WinformQuanLyPhong KhamNhaKhoa']/Table[@Name='ThongTinBaoHanh' and @Schema='dbo']","object_type":"Table"}},{"outputs":[],"execution_count":0,"cell_type":"code","source":["SET IDENTITY_INSERT [dbo].[ThongTinBaoHanh] ON \r\n","INSERT [dbo].[ThongTinBaoHanh] ([maBaoHanh], [tenLaboBaoHanh], [ngayHetHanBaoHanh]) VALUES (1, N'Bảo hành Răng Sứ', CAST(N'2023-09-28' AS Date))\r\n","INSERT [dbo].[ThongTinBaoHanh] ([maBaoHanh], [tenLaboBaoHanh], [ngayHetHanBaoHanh]) VALUES (2, N'Bảo hành Tủy răng', CAST(N'2025-09-28' AS Date))\r\n","SET IDENTITY_INSERT [dbo].[ThongTinBaoHanh] OFF\r\n","GO\r\n"],"metadata":{"urn":"Server[@Name='LAPTOP-G5HQJSJ2']/Database[@Name='WinformQuanLyPhong KhamNhaKhoa']/Table[@Name='ThongTinBaoHanh' and @Schema='dbo']","object_type":"Table"}},{"cell_type":"markdown","source":["# [dbo].[ThongTinNhanVien]"],"metadata":{"urn":"Server[@Name='LAPTOP-G5HQJSJ2']/Database[@Name='WinformQuanLyPhong KhamNhaKhoa']/Table[@Name='ThongTinNhanVien' and @Schema='dbo']","object_type":"Table"}},{"outputs":[],"execution_count":0,"cell_type":"code","source":["SET IDENTITY_INSERT [dbo].[ThongTinNhanVien] ON \r\n","INSERT [dbo].[ThongTinNhanVien] ([maNhanVien], [hoVaTen], [namSinh], [soDienThoai], [diaChi], [maChucVu]) VALUES (1, N'Lê Trần Trọng Nghĩa', CAST(N'2003-07-02' AS Date), N'0907382963', N'88B Trương Văn Thành, Hiệp Phú, Quận 9, Tp.HCM', 1)\r\n","INSERT [dbo].[ThongTinNhanVien] ([maNhanVien], [hoVaTen], [namSinh], [soDienThoai], [diaChi], [maChucVu]) VALUES (3, N'Nguyễn Thanh Siêu', CAST(N'2003-04-08' AS Date), N'0968832714', N'Đội 3, Vạn Hội 2, Ân Tín, Hoài Ân, Bình Định', 2)\r\n","INSERT [dbo].[ThongTinNhanVien] ([maNhanVien], [hoVaTen], [namSinh], [soDienThoai], [diaChi], [maChucVu]) VALUES (4, N'Trần Lê Uyên Phương', CAST(N'2003-02-03' AS Date), N'0856113782', N'1000 Nguyễn Duy Trinh, Phú Hữu, Quận 9, Tp.HCM', 3)\r\n","INSERT [dbo].[ThongTinNhanVien] ([maNhanVien], [hoVaTen], [namSinh], [soDienThoai], [diaChi], [maChucVu]) VALUES (5, N'Đặng Lê Ngọc Trạng', CAST(N'2003-10-20' AS Date), N'0899905437', N'2/12 339, Phước Long B, Quận 9, Tp. Hồ Chí Minh', 4)\r\n","INSERT [dbo].[ThongTinNhanVien] ([maNhanVien], [hoVaTen], [namSinh], [soDienThoai], [diaChi], [maChucVu]) VALUES (6, N'Trần Việt Đức', CAST(N'2003-07-14' AS Date), N'0886542959', N'12 Quang Trung, Hiệp Phú, Quận 9, Tp.HCM', 5)\r\n","SET IDENTITY_INSERT [dbo].[ThongTinNhanVien] OFF\r\n","GO\r\n"],"metadata":{"urn":"Server[@Name='LAPTOP-G5HQJSJ2']/Database[@Name='WinformQuanLyPhong KhamNhaKhoa']/Table[@Name='ThongTinNhanVien' and @Schema='dbo']","object_type":"Table"}},{"cell_type":"markdown","source":["# [DF__ThongTinC__huyet__403A8C7D]"],"metadata":{"urn":"Server[@Name='LAPTOP-G5HQJSJ2']/Database[@Name='WinformQuanLyPhong KhamNhaKhoa']/Table[@Name='ThongTinCanLamSan' and @Schema='dbo']/Column[@Name='huyetAp']/Default[@Name='DF__ThongTinC__huyet__403A8C7D']","object_type":"Default"}},{"outputs":[],"execution_count":0,"cell_type":"code","source":["ALTER TABLE [dbo].[ThongTinCanLamSan] ADD  DEFAULT ((0)) FOR [huyetAp]\r\n","GO\r\n"],"metadata":{"urn":"Server[@Name='LAPTOP-G5HQJSJ2']/Database[@Name='WinformQuanLyPhong KhamNhaKhoa']/Table[@Name='ThongTinCanLamSan' and @Schema='dbo']/Column[@Name='huyetAp']/Default[@Name='DF__ThongTinC__huyet__403A8C7D']","object_type":"Default"}},{"cell_type":"markdown","source":["# [DF__ThongTinC__mauKh__412EB0B6]"],"metadata":{"urn":"Server[@Name='LAPTOP-G5HQJSJ2']/Database[@Name='WinformQuanLyPhong KhamNhaKhoa']/Table[@Name='ThongTinCanLamSan' and @Schema='dbo']/Column[@Name='mauKhoDong']/Default[@Name='DF__ThongTinC__mauKh__412EB0B6']","object_type":"Default"}},{"outputs":[],"execution_count":0,"cell_type":"code","source":["ALTER TABLE [dbo].[ThongTinCanLamSan] ADD  DEFAULT ((0)) FOR [mauKhoDong]\r\n","GO\r\n"],"metadata":{"urn":"Server[@Name='LAPTOP-G5HQJSJ2']/Database[@Name='WinformQuanLyPhong KhamNhaKhoa']/Table[@Name='ThongTinCanLamSan' and @Schema='dbo']/Column[@Name='mauKhoDong']/Default[@Name='DF__ThongTinC__mauKh__412EB0B6']","object_type":"Default"}},{"cell_type":"markdown","source":["# [DF__ThongTinC__benhT__4222D4EF]"],"metadata":{"urn":"Server[@Name='LAPTOP-G5HQJSJ2']/Database[@Name='WinformQuanLyPhong KhamNhaKhoa']/Table[@Name='ThongTinCanLamSan' and @Schema='dbo']/Column[@Name='benhTimBamSinh']/Default[@Name='DF__ThongTinC__benhT__4222D4EF']","object_type":"Default"}},{"outputs":[],"execution_count":0,"cell_type":"code","source":["ALTER TABLE [dbo].[ThongTinCanLamSan] ADD  DEFAULT ((0)) FOR [benhTimBamSinh]\r\n","GO\r\n"],"metadata":{"urn":"Server[@Name='LAPTOP-G5HQJSJ2']/Database[@Name='WinformQuanLyPhong KhamNhaKhoa']/Table[@Name='ThongTinCanLamSan' and @Schema='dbo']/Column[@Name='benhTimBamSinh']/Default[@Name='DF__ThongTinC__benhT__4222D4EF']","object_type":"Default"}},{"cell_type":"markdown","source":["# [DF__ThongTinC__thieu__4316F928]"],"metadata":{"urn":"Server[@Name='LAPTOP-G5HQJSJ2']/Database[@Name='WinformQuanLyPhong KhamNhaKhoa']/Table[@Name='ThongTinCanLamSan' and @Schema='dbo']/Column[@Name='thieuNangTriTue']/Default[@Name='DF__ThongTinC__thieu__4316F928']","object_type":"Default"}},{"outputs":[],"execution_count":0,"cell_type":"code","source":["ALTER TABLE [dbo].[ThongTinCanLamSan] ADD  DEFAULT ((0)) FOR [thieuNangTriTue]\r\n","GO\r\n"],"metadata":{"urn":"Server[@Name='LAPTOP-G5HQJSJ2']/Database[@Name='WinformQuanLyPhong KhamNhaKhoa']/Table[@Name='ThongTinCanLamSan' and @Schema='dbo']/Column[@Name='thieuNangTriTue']/Default[@Name='DF__ThongTinC__thieu__4316F928']","object_type":"Default"}},{"cell_type":"markdown","source":["# [FK_ChuanDoanDieuTri_ThongTinBaoHanh]"],"metadata":{"urn":"Server[@Name='LAPTOP-G5HQJSJ2']/Database[@Name='WinformQuanLyPhong KhamNhaKhoa']/Table[@Name='ChuanDoanDieuTri' and @Schema='dbo']/ForeignKey[@Name='FK_ChuanDoanDieuTri_ThongTinBaoHanh']","object_type":"ForeignKey"}},{"outputs":[],"execution_count":0,"cell_type":"code","source":["ALTER TABLE [dbo].[ChuanDoanDieuTri]  WITH CHECK ADD  CONSTRAINT [FK_ChuanDoanDieuTri_ThongTinBaoHanh] FOREIGN KEY([maBaoHanh])\r\nREFERENCES [dbo].[ThongTinBaoHanh] ([maBaoHanh])\r\n","GO\r\n","ALTER TABLE [dbo].[ChuanDoanDieuTri] CHECK CONSTRAINT [FK_ChuanDoanDieuTri_ThongTinBaoHanh]\r\n","GO\r\n"],"metadata":{"urn":"Server[@Name='LAPTOP-G5HQJSJ2']/Database[@Name='WinformQuanLyPhong KhamNhaKhoa']/Table[@Name='ChuanDoanDieuTri' and @Schema='dbo']/ForeignKey[@Name='FK_ChuanDoanDieuTri_ThongTinBaoHanh']","object_type":"ForeignKey"}},{"cell_type":"markdown","source":["# [FK_HoaDon_ChuanDoanDieuTri]"],"metadata":{"urn":"Server[@Name='LAPTOP-G5HQJSJ2']/Database[@Name='WinformQuanLyPhong KhamNhaKhoa']/Table[@Name='HoaDon' and @Schema='dbo']/ForeignKey[@Name='FK_HoaDon_ChuanDoanDieuTri']","object_type":"ForeignKey"}},{"outputs":[],"execution_count":0,"cell_type":"code","source":["ALTER TABLE [dbo].[HoaDon]  WITH CHECK ADD  CONSTRAINT [FK_HoaDon_ChuanDoanDieuTri] FOREIGN KEY([maChuanDon])\r\nREFERENCES [dbo].[ChuanDoanDieuTri] ([maChuanDoan])\r\n","GO\r\n","ALTER TABLE [dbo].[HoaDon] CHECK CONSTRAINT [FK_HoaDon_ChuanDoanDieuTri]\r\n","GO\r\n"],"metadata":{"urn":"Server[@Name='LAPTOP-G5HQJSJ2']/Database[@Name='WinformQuanLyPhong KhamNhaKhoa']/Table[@Name='HoaDon' and @Schema='dbo']/ForeignKey[@Name='FK_HoaDon_ChuanDoanDieuTri']","object_type":"ForeignKey"}},{"cell_type":"markdown","source":["# [FK_HoaDon_DichVuThanhToan]"],"metadata":{"urn":"Server[@Name='LAPTOP-G5HQJSJ2']/Database[@Name='WinformQuanLyPhong KhamNhaKhoa']/Table[@Name='HoaDon' and @Schema='dbo']/ForeignKey[@Name='FK_HoaDon_DichVuThanhToan']","object_type":"ForeignKey"}},{"outputs":[],"execution_count":0,"cell_type":"code","source":["ALTER TABLE [dbo].[HoaDon]  WITH CHECK ADD  CONSTRAINT [FK_HoaDon_DichVuThanhToan] FOREIGN KEY([maThanhToan])\r\nREFERENCES [dbo].[DichVuThanhToan] ([maThanhToan])\r\n","GO\r\n","ALTER TABLE [dbo].[HoaDon] CHECK CONSTRAINT [FK_HoaDon_DichVuThanhToan]\r\n","GO\r\n"],"metadata":{"urn":"Server[@Name='LAPTOP-G5HQJSJ2']/Database[@Name='WinformQuanLyPhong KhamNhaKhoa']/Table[@Name='HoaDon' and @Schema='dbo']/ForeignKey[@Name='FK_HoaDon_DichVuThanhToan']","object_type":"ForeignKey"}},{"cell_type":"markdown","source":["# [FK_HoaDon_DONTHUOC]"],"metadata":{"urn":"Server[@Name='LAPTOP-G5HQJSJ2']/Database[@Name='WinformQuanLyPhong KhamNhaKhoa']/Table[@Name='HoaDon' and @Schema='dbo']/ForeignKey[@Name='FK_HoaDon_DONTHUOC']","object_type":"ForeignKey"}},{"outputs":[],"execution_count":0,"cell_type":"code","source":["ALTER TABLE [dbo].[HoaDon]  WITH CHECK ADD  CONSTRAINT [FK_HoaDon_DONTHUOC] FOREIGN KEY([maDonThuoc])\r\nREFERENCES [dbo].[DONTHUOC] ([maDonThuoc])\r\n","GO\r\n","ALTER TABLE [dbo].[HoaDon] CHECK CONSTRAINT [FK_HoaDon_DONTHUOC]\r\n","GO\r\n"],"metadata":{"urn":"Server[@Name='LAPTOP-G5HQJSJ2']/Database[@Name='WinformQuanLyPhong KhamNhaKhoa']/Table[@Name='HoaDon' and @Schema='dbo']/ForeignKey[@Name='FK_HoaDon_DONTHUOC']","object_type":"ForeignKey"}},{"cell_type":"markdown","source":["# [FK_HoaDon_ThongTinBenhNhan]"],"metadata":{"urn":"Server[@Name='LAPTOP-G5HQJSJ2']/Database[@Name='WinformQuanLyPhong KhamNhaKhoa']/Table[@Name='HoaDon' and @Schema='dbo']/ForeignKey[@Name='FK_HoaDon_ThongTinBenhNhan']","object_type":"ForeignKey"}},{"outputs":[],"execution_count":0,"cell_type":"code","source":["ALTER TABLE [dbo].[HoaDon]  WITH CHECK ADD  CONSTRAINT [FK_HoaDon_ThongTinBenhNhan] FOREIGN KEY([maBenhNhan])\r\nREFERENCES [dbo].[ThongTinBenhNhan] ([maBenhNhan])\r\n","GO\r\n","ALTER TABLE [dbo].[HoaDon] CHECK CONSTRAINT [FK_HoaDon_ThongTinBenhNhan]\r\n","GO\r\n"],"metadata":{"urn":"Server[@Name='LAPTOP-G5HQJSJ2']/Database[@Name='WinformQuanLyPhong KhamNhaKhoa']/Table[@Name='HoaDon' and @Schema='dbo']/ForeignKey[@Name='FK_HoaDon_ThongTinBenhNhan']","object_type":"ForeignKey"}},{"cell_type":"markdown","source":["# [FK_LichSuKham_ThongTinLamSan]"],"metadata":{"urn":"Server[@Name='LAPTOP-G5HQJSJ2']/Database[@Name='WinformQuanLyPhong KhamNhaKhoa']/Table[@Name='LichSuKham' and @Schema='dbo']/ForeignKey[@Name='FK_LichSuKham_ThongTinLamSan']","object_type":"ForeignKey"}},{"outputs":[],"execution_count":0,"cell_type":"code","source":["ALTER TABLE [dbo].[LichSuKham]  WITH CHECK ADD  CONSTRAINT [FK_LichSuKham_ThongTinLamSan] FOREIGN KEY([maLamSan])\r\nREFERENCES [dbo].[ThongTinLamSan] ([maLamSan])\r\n","GO\r\n","ALTER TABLE [dbo].[LichSuKham] CHECK CONSTRAINT [FK_LichSuKham_ThongTinLamSan]\r\n","GO\r\n"],"metadata":{"urn":"Server[@Name='LAPTOP-G5HQJSJ2']/Database[@Name='WinformQuanLyPhong KhamNhaKhoa']/Table[@Name='LichSuKham' and @Schema='dbo']/ForeignKey[@Name='FK_LichSuKham_ThongTinLamSan']","object_type":"ForeignKey"}},{"cell_type":"markdown","source":["# [FK_LichSuKham_ThongTinNhanVien]"],"metadata":{"urn":"Server[@Name='LAPTOP-G5HQJSJ2']/Database[@Name='WinformQuanLyPhong KhamNhaKhoa']/Table[@Name='LichSuKham' and @Schema='dbo']/ForeignKey[@Name='FK_LichSuKham_ThongTinNhanVien']","object_type":"ForeignKey"}},{"outputs":[],"execution_count":0,"cell_type":"code","source":["ALTER TABLE [dbo].[LichSuKham]  WITH CHECK ADD  CONSTRAINT [FK_LichSuKham_ThongTinNhanVien] FOREIGN KEY([maNhanVien])\r\nREFERENCES [dbo].[ThongTinNhanVien] ([maNhanVien])\r\n","GO\r\n","ALTER TABLE [dbo].[LichSuKham] CHECK CONSTRAINT [FK_LichSuKham_ThongTinNhanVien]\r\n","GO\r\n"],"metadata":{"urn":"Server[@Name='LAPTOP-G5HQJSJ2']/Database[@Name='WinformQuanLyPhong KhamNhaKhoa']/Table[@Name='LichSuKham' and @Schema='dbo']/ForeignKey[@Name='FK_LichSuKham_ThongTinNhanVien']","object_type":"ForeignKey"}},{"cell_type":"markdown","source":["# [FK_NhapLieu_ThongTinNhanVien]"],"metadata":{"urn":"Server[@Name='LAPTOP-G5HQJSJ2']/Database[@Name='WinformQuanLyPhong KhamNhaKhoa']/Table[@Name='NhapLieu' and @Schema='dbo']/ForeignKey[@Name='FK_NhapLieu_ThongTinNhanVien']","object_type":"ForeignKey"}},{"outputs":[],"execution_count":0,"cell_type":"code","source":["ALTER TABLE [dbo].[NhapLieu]  WITH CHECK ADD  CONSTRAINT [FK_NhapLieu_ThongTinNhanVien] FOREIGN KEY([maNhanVien])\r\nREFERENCES [dbo].[ThongTinNhanVien] ([maNhanVien])\r\n","GO\r\n","ALTER TABLE [dbo].[NhapLieu] CHECK CONSTRAINT [FK_NhapLieu_ThongTinNhanVien]\r\n","GO\r\n"],"metadata":{"urn":"Server[@Name='LAPTOP-G5HQJSJ2']/Database[@Name='WinformQuanLyPhong KhamNhaKhoa']/Table[@Name='NhapLieu' and @Schema='dbo']/ForeignKey[@Name='FK_NhapLieu_ThongTinNhanVien']","object_type":"ForeignKey"}},{"cell_type":"markdown","source":["# [FK_NhapLieu_VatLieu]"],"metadata":{"urn":"Server[@Name='LAPTOP-G5HQJSJ2']/Database[@Name='WinformQuanLyPhong KhamNhaKhoa']/Table[@Name='NhapLieu' and @Schema='dbo']/ForeignKey[@Name='FK_NhapLieu_VatLieu']","object_type":"ForeignKey"}},{"outputs":[],"execution_count":0,"cell_type":"code","source":["ALTER TABLE [dbo].[NhapLieu]  WITH CHECK ADD  CONSTRAINT [FK_NhapLieu_VatLieu] FOREIGN KEY([maVatLieu])\r\nREFERENCES [dbo].[VatLieu] ([maVatLieu])\r\n","GO\r\n","ALTER TABLE [dbo].[NhapLieu] CHECK CONSTRAINT [FK_NhapLieu_VatLieu]\r\n","GO\r\n"],"metadata":{"urn":"Server[@Name='LAPTOP-G5HQJSJ2']/Database[@Name='WinformQuanLyPhong KhamNhaKhoa']/Table[@Name='NhapLieu' and @Schema='dbo']/ForeignKey[@Name='FK_NhapLieu_VatLieu']","object_type":"ForeignKey"}},{"cell_type":"markdown","source":["# [FK_TaiKhoan_ThongTinNhanVien]"],"metadata":{"urn":"Server[@Name='LAPTOP-G5HQJSJ2']/Database[@Name='WinformQuanLyPhong KhamNhaKhoa']/Table[@Name='TaiKhoan' and @Schema='dbo']/ForeignKey[@Name='FK_TaiKhoan_ThongTinNhanVien']","object_type":"ForeignKey"}},{"outputs":[],"execution_count":0,"cell_type":"code","source":["ALTER TABLE [dbo].[TaiKhoan]  WITH CHECK ADD  CONSTRAINT [FK_TaiKhoan_ThongTinNhanVien] FOREIGN KEY([maNhanVien])\r\nREFERENCES [dbo].[ThongTinNhanVien] ([maNhanVien])\r\n","GO\r\n","ALTER TABLE [dbo].[TaiKhoan] CHECK CONSTRAINT [FK_TaiKhoan_ThongTinNhanVien]\r\n","GO\r\n"],"metadata":{"urn":"Server[@Name='LAPTOP-G5HQJSJ2']/Database[@Name='WinformQuanLyPhong KhamNhaKhoa']/Table[@Name='TaiKhoan' and @Schema='dbo']/ForeignKey[@Name='FK_TaiKhoan_ThongTinNhanVien']","object_type":"ForeignKey"}},{"cell_type":"markdown","source":["# [FK_ThongTinBenhNhan_LichSuKham]"],"metadata":{"urn":"Server[@Name='LAPTOP-G5HQJSJ2']/Database[@Name='WinformQuanLyPhong KhamNhaKhoa']/Table[@Name='ThongTinBenhNhan' and @Schema='dbo']/ForeignKey[@Name='FK_ThongTinBenhNhan_LichSuKham']","object_type":"ForeignKey"}},{"outputs":[],"execution_count":0,"cell_type":"code","source":["ALTER TABLE [dbo].[ThongTinBenhNhan]  WITH CHECK ADD  CONSTRAINT [FK_ThongTinBenhNhan_LichSuKham] FOREIGN KEY([maLichSuKham])\r\nREFERENCES [dbo].[LichSuKham] ([maLichSuKham])\r\n","GO\r\n","ALTER TABLE [dbo].[ThongTinBenhNhan] CHECK CONSTRAINT [FK_ThongTinBenhNhan_LichSuKham]\r\n","GO\r\n"],"metadata":{"urn":"Server[@Name='LAPTOP-G5HQJSJ2']/Database[@Name='WinformQuanLyPhong KhamNhaKhoa']/Table[@Name='ThongTinBenhNhan' and @Schema='dbo']/ForeignKey[@Name='FK_ThongTinBenhNhan_LichSuKham']","object_type":"ForeignKey"}},{"cell_type":"markdown","source":["# [FK_ThongTinBenhNhan_ThongTinCanLamSan]"],"metadata":{"urn":"Server[@Name='LAPTOP-G5HQJSJ2']/Database[@Name='WinformQuanLyPhong KhamNhaKhoa']/Table[@Name='ThongTinBenhNhan' and @Schema='dbo']/ForeignKey[@Name='FK_ThongTinBenhNhan_ThongTinCanLamSan']","object_type":"ForeignKey"}},{"outputs":[],"execution_count":0,"cell_type":"code","source":["ALTER TABLE [dbo].[ThongTinBenhNhan]  WITH CHECK ADD  CONSTRAINT [FK_ThongTinBenhNhan_ThongTinCanLamSan] FOREIGN KEY([maCanLamSan])\r\nREFERENCES [dbo].[ThongTinCanLamSan] ([maCanLamSan])\r\n","GO\r\n","ALTER TABLE [dbo].[ThongTinBenhNhan] CHECK CONSTRAINT [FK_ThongTinBenhNhan_ThongTinCanLamSan]\r\n","GO\r\n"],"metadata":{"urn":"Server[@Name='LAPTOP-G5HQJSJ2']/Database[@Name='WinformQuanLyPhong KhamNhaKhoa']/Table[@Name='ThongTinBenhNhan' and @Schema='dbo']/ForeignKey[@Name='FK_ThongTinBenhNhan_ThongTinCanLamSan']","object_type":"ForeignKey"}},{"cell_type":"markdown","source":["# [FK_ThongTinLamSan_ChuanDoanDieuTri]"],"metadata":{"urn":"Server[@Name='LAPTOP-G5HQJSJ2']/Database[@Name='WinformQuanLyPhong KhamNhaKhoa']/Table[@Name='ThongTinLamSan' and @Schema='dbo']/ForeignKey[@Name='FK_ThongTinLamSan_ChuanDoanDieuTri']","object_type":"ForeignKey"}},{"outputs":[],"execution_count":0,"cell_type":"code","source":["ALTER TABLE [dbo].[ThongTinLamSan]  WITH CHECK ADD  CONSTRAINT [FK_ThongTinLamSan_ChuanDoanDieuTri] FOREIGN KEY([maChuanDoan])\r\nREFERENCES [dbo].[ChuanDoanDieuTri] ([maChuanDoan])\r\n","GO\r\n","ALTER TABLE [dbo].[ThongTinLamSan] CHECK CONSTRAINT [FK_ThongTinLamSan_ChuanDoanDieuTri]\r\n","GO\r\n"],"metadata":{"urn":"Server[@Name='LAPTOP-G5HQJSJ2']/Database[@Name='WinformQuanLyPhong KhamNhaKhoa']/Table[@Name='ThongTinLamSan' and @Schema='dbo']/ForeignKey[@Name='FK_ThongTinLamSan_ChuanDoanDieuTri']","object_type":"ForeignKey"}},{"cell_type":"markdown","source":["# [FK_ThongTinLamSan_ThongTinNhanVien]"],"metadata":{"urn":"Server[@Name='LAPTOP-G5HQJSJ2']/Database[@Name='WinformQuanLyPhong KhamNhaKhoa']/Table[@Name='ThongTinLamSan' and @Schema='dbo']/ForeignKey[@Name='FK_ThongTinLamSan_ThongTinNhanVien']","object_type":"ForeignKey"}},{"outputs":[],"execution_count":0,"cell_type":"code","source":["ALTER TABLE [dbo].[ThongTinLamSan]  WITH CHECK ADD  CONSTRAINT [FK_ThongTinLamSan_ThongTinNhanVien] FOREIGN KEY([maNhanVien])\r\nREFERENCES [dbo].[ThongTinNhanVien] ([maNhanVien])\r\n","GO\r\n","ALTER TABLE [dbo].[ThongTinLamSan] CHECK CONSTRAINT [FK_ThongTinLamSan_ThongTinNhanVien]\r\n","GO\r\n"],"metadata":{"urn":"Server[@Name='LAPTOP-G5HQJSJ2']/Database[@Name='WinformQuanLyPhong KhamNhaKhoa']/Table[@Name='ThongTinLamSan' and @Schema='dbo']/ForeignKey[@Name='FK_ThongTinLamSan_ThongTinNhanVien']","object_type":"ForeignKey"}},{"cell_type":"markdown","source":["# [FK_ThongTinNhanVien_ChucVu]"],"metadata":{"urn":"Server[@Name='LAPTOP-G5HQJSJ2']/Database[@Name='WinformQuanLyPhong KhamNhaKhoa']/Table[@Name='ThongTinNhanVien' and @Schema='dbo']/ForeignKey[@Name='FK_ThongTinNhanVien_ChucVu']","object_type":"ForeignKey"}},{"outputs":[],"execution_count":0,"cell_type":"code","source":["ALTER TABLE [dbo].[ThongTinNhanVien]  WITH CHECK ADD  CONSTRAINT [FK_ThongTinNhanVien_ChucVu] FOREIGN KEY([maChucVu])\r\nREFERENCES [dbo].[ChucVu] ([maChucVu])\r\n","GO\r\n","ALTER TABLE [dbo].[ThongTinNhanVien] CHECK CONSTRAINT [FK_ThongTinNhanVien_ChucVu]\r\n","GO\r\n"],"metadata":{"urn":"Server[@Name='LAPTOP-G5HQJSJ2']/Database[@Name='WinformQuanLyPhong KhamNhaKhoa']/Table[@Name='ThongTinNhanVien' and @Schema='dbo']/ForeignKey[@Name='FK_ThongTinNhanVien_ChucVu']","object_type":"ForeignKey"}}]}